timestamp,sensor_id,humidity_rad,temp_rad,humidity_room,temp_room,temperature (outdoor)
4/2/2025 20:02,radiator,41.3,25.5,#N/A,#N/A,
4/2/2025 20:04,room,#N/A,#N/A,40.5,23.3,
4/2/2025 20:11,radiator,41,24.9,#N/A,#N/A,
4/2/2025 20:14,room,#N/A,#N/A,41.5,23.3,
4/2/2025 20:21,radiator,51.4,20.1,#N/A,#N/A,
4/2/2025 20:24,room,#N/A,#N/A,41.8,23,
4/2/2025 20:31,radiator,51.2,20,#N/A,#N/A,
4/2/2025 20:34,room,#N/A,#N/A,41.5,22.8,
4/2/2025 20:41,radiator,51.1,19.9,#N/A,#N/A,
4/2/2025 20:44,room,#N/A,#N/A,41.3,22.7,
4/2/2025 20:51,radiator,50.5,19.9,#N/A,#N/A,
4/2/2025 20:54,room,#N/A,#N/A,41.2,22.7,
4/2/2025 21:01,radiator,50.7,19.9,#N/A,#N/A,
4/2/2025 21:04,room,#N/A,#N/A,41.3,22.7,
4/2/2025 21:11,radiator,50.5,19.9,#N/A,#N/A,
4/2/2025 21:14,room,#N/A,#N/A,40.5,22.6,
4/2/2025 21:21,radiator,50.2,19.9,#N/A,#N/A,
4/2/2025 21:24,room,#N/A,#N/A,40.9,22.5,
4/2/2025 21:31,radiator,51.1,19.8,#N/A,#N/A,
4/2/2025 21:34,room,#N/A,#N/A,40.8,22.5,
4/2/2025 21:41,radiator,50.9,19.9,#N/A,#N/A,
4/2/2025 21:44,room,#N/A,#N/A,40.7,22.5,
4/2/2025 21:51,radiator,49.6,20,#N/A,#N/A,
4/2/2025 21:54,room,#N/A,#N/A,40.9,22.5,
4/2/2025 22:01,radiator,49.1,20.2,#N/A,#N/A,
4/2/2025 22:04,room,#N/A,#N/A,40.7,22.5,
4/2/2025 22:11,radiator,49.2,20.3,#N/A,#N/A,
4/2/2025 22:14,room,#N/A,#N/A,41,22.5,
4/2/2025 22:21,radiator,49.2,20.4,#N/A,#N/A,
4/2/2025 22:24,room,#N/A,#N/A,41,22.5,
4/2/2025 22:31,radiator,48.5,20.5,#N/A,#N/A,
4/2/2025 22:34,room,#N/A,#N/A,40.8,22.5,
4/2/2025 22:41,radiator,49.2,20.6,#N/A,#N/A,
4/2/2025 22:44,room,#N/A,#N/A,40.9,22.5,
4/2/2025 22:51,radiator,48.7,20.6,#N/A,#N/A,
4/2/2025 22:54,room,#N/A,#N/A,41,22.5,
4/2/2025 23:01,radiator,48.7,20.6,#N/A,#N/A,
4/2/2025 23:04,room,#N/A,#N/A,41.1,22.5,
4/2/2025 23:11,radiator,48.2,20.6,#N/A,#N/A,
4/2/2025 23:14,room,#N/A,#N/A,41.2,22.5,
4/2/2025 23:21,radiator,48.9,20.6,#N/A,#N/A,
4/2/2025 23:24,room,#N/A,#N/A,41.4,22.5,
4/2/2025 23:31,radiator,48.3,20.6,#N/A,#N/A,
4/2/2025 23:34,room,#N/A,#N/A,41.5,22.5,
4/2/2025 23:41,radiator,48.2,20.5,#N/A,#N/A,
4/2/2025 23:44,room,#N/A,#N/A,41.3,22.5,
4/2/2025 23:51,radiator,48.5,20.4,#N/A,#N/A,
4/2/2025 23:54,room,#N/A,#N/A,41.4,22.6,
4/3/2025 0:01,radiator,48.3,20.5,#N/A,#N/A,
4/3/2025 0:04,room,#N/A,#N/A,41.5,22.5,
4/3/2025 0:11,radiator,49.1,20.4,#N/A,#N/A,
4/3/2025 0:14,room,#N/A,#N/A,41.7,22.5,
4/3/2025 0:21,radiator,49.6,20.3,#N/A,#N/A,
4/3/2025 0:24,room,#N/A,#N/A,41.8,22.5,
4/3/2025 0:31,radiator,50,20.2,#N/A,#N/A,
4/3/2025 0:34,room,#N/A,#N/A,41.9,22.5,
4/3/2025 0:41,radiator,50.2,20.2,#N/A,#N/A,
4/3/2025 0:44,room,#N/A,#N/A,41.9,22.5,
4/3/2025 0:51,radiator,50.2,20.2,#N/A,#N/A,
4/3/2025 0:54,room,#N/A,#N/A,41.9,22.5,
4/3/2025 1:01,radiator,50.6,20.1,#N/A,#N/A,
4/3/2025 1:04,room,#N/A,#N/A,41.8,22.5,
4/3/2025 1:11,radiator,50.8,20.1,#N/A,#N/A,
4/3/2025 1:14,room,#N/A,#N/A,41.9,22.5,
4/3/2025 1:21,radiator,51.2,20,#N/A,#N/A,
4/3/2025 1:24,room,#N/A,#N/A,42.4,22.5,
4/3/2025 1:31,radiator,51.5,19.9,#N/A,#N/A,
4/3/2025 1:34,room,#N/A,#N/A,42.5,22.5,
4/3/2025 1:41,radiator,51.4,19.9,#N/A,#N/A,
4/3/2025 1:44,room,#N/A,#N/A,42.4,22.5,
4/3/2025 1:51,radiator,51.6,19.9,#N/A,#N/A,
4/3/2025 1:54,room,#N/A,#N/A,42.6,22.5,
4/3/2025 2:01,radiator,51.1,19.9,#N/A,#N/A,
4/3/2025 2:04,room,#N/A,#N/A,42.5,22.5,
4/3/2025 2:11,radiator,51.9,19.9,#N/A,#N/A,
4/3/2025 2:14,room,#N/A,#N/A,42.6,22.5,
4/3/2025 2:21,radiator,51.3,19.9,#N/A,#N/A,
4/3/2025 2:24,room,#N/A,#N/A,42.7,22.5,
4/3/2025 2:31,radiator,51.6,19.9,#N/A,#N/A,
4/3/2025 2:34,room,#N/A,#N/A,42.7,22.5,
4/3/2025 2:41,radiator,52.5,19.8,#N/A,#N/A,
4/3/2025 2:44,room,#N/A,#N/A,42.8,22.5,
4/3/2025 2:51,radiator,51.9,19.8,#N/A,#N/A,
4/3/2025 2:54,room,#N/A,#N/A,42.9,22.5,
4/3/2025 3:01,radiator,52.5,19.9,#N/A,#N/A,
4/3/2025 3:04,room,#N/A,#N/A,42.9,22.5,
4/3/2025 3:11,radiator,52.7,19.8,#N/A,#N/A,
4/3/2025 3:14,room,#N/A,#N/A,43.3,22.5,
4/3/2025 3:21,radiator,53.1,19.8,#N/A,#N/A,
4/3/2025 3:24,room,#N/A,#N/A,43.2,22.5,
4/3/2025 3:31,radiator,53.2,19.8,#N/A,#N/A,
4/3/2025 3:34,room,#N/A,#N/A,43.1,22.5,
4/3/2025 3:41,radiator,53.4,19.8,#N/A,#N/A,
4/3/2025 3:44,room,#N/A,#N/A,43.2,22.6,
4/3/2025 3:51,radiator,53.2,20,#N/A,#N/A,
4/3/2025 3:54,room,#N/A,#N/A,43.2,22.6,
4/3/2025 4:01,radiator,53.8,20,#N/A,#N/A,
4/3/2025 4:04,room,#N/A,#N/A,43.3,22.6,
4/3/2025 4:11,radiator,53.2,20.1,#N/A,#N/A,
4/3/2025 4:14,room,#N/A,#N/A,43.1,22.6,
4/3/2025 4:22,radiator,51.5,20.3,#N/A,#N/A,
4/3/2025 4:24,room,#N/A,#N/A,43.1,22.6,
4/3/2025 4:32,radiator,49.8,20.6,#N/A,#N/A,
4/3/2025 4:34,room,#N/A,#N/A,43,22.6,
4/3/2025 4:42,radiator,48.9,20.9,#N/A,#N/A,
4/3/2025 4:44,room,#N/A,#N/A,42.8,22.6,
4/3/2025 4:52,radiator,48.8,20.9,#N/A,#N/A,
4/3/2025 4:54,room,#N/A,#N/A,42.8,22.6,
4/3/2025 5:02,radiator,49.4,21,#N/A,#N/A,
4/3/2025 5:04,room,#N/A,#N/A,42.7,22.7,
4/3/2025 5:12,radiator,48.3,21.1,#N/A,#N/A,
4/3/2025 5:14,room,#N/A,#N/A,42.8,22.7,
4/3/2025 5:22,radiator,48.3,21.2,#N/A,#N/A,
4/3/2025 5:24,room,#N/A,#N/A,42.7,22.7,
4/3/2025 5:32,radiator,48.5,21.2,#N/A,#N/A,
4/3/2025 5:34,room,#N/A,#N/A,42.8,22.7,
4/3/2025 5:42,radiator,47.7,21.3,#N/A,#N/A,
4/3/2025 5:44,room,#N/A,#N/A,42.8,22.7,
4/3/2025 5:52,radiator,47.8,21.3,#N/A,#N/A,
4/3/2025 5:54,room,#N/A,#N/A,42.9,22.7,
4/3/2025 6:02,radiator,47.5,21.4,#N/A,#N/A,
4/3/2025 6:04,room,#N/A,#N/A,42.8,22.8,
4/3/2025 6:12,radiator,49.8,21.4,#N/A,#N/A,
4/3/2025 6:14,room,#N/A,#N/A,42.9,22.8,
4/3/2025 6:22,radiator,48.8,21.4,#N/A,#N/A,
4/3/2025 6:24,room,#N/A,#N/A,42.9,22.8,
4/3/2025 6:32,radiator,47,21.5,#N/A,#N/A,
4/3/2025 6:34,room,#N/A,#N/A,43,22.8,
4/3/2025 6:42,radiator,46.7,21.6,#N/A,#N/A,
4/3/2025 6:44,room,#N/A,#N/A,42.9,22.8,
4/3/2025 6:52,radiator,49,21.6,#N/A,#N/A,
4/3/2025 6:54,room,#N/A,#N/A,43,22.8,
4/3/2025 7:02,radiator,46.6,21.7,#N/A,#N/A,
4/3/2025 7:04,room,#N/A,#N/A,43,22.8,
4/3/2025 7:12,radiator,46.4,21.8,#N/A,#N/A,
4/3/2025 7:14,room,#N/A,#N/A,43.1,22.8,
4/3/2025 7:22,radiator,46.4,21.9,#N/A,#N/A,
4/3/2025 7:24,room,#N/A,#N/A,43.2,22.8,
4/3/2025 7:32,radiator,46.3,21.9,#N/A,#N/A,
4/3/2025 7:34,room,#N/A,#N/A,43.4,22.9,
4/3/2025 7:42,radiator,46.5,22,#N/A,#N/A,
4/3/2025 7:44,room,#N/A,#N/A,43.6,22.9,
4/3/2025 7:52,radiator,46.6,22,#N/A,#N/A,
4/3/2025 7:54,room,#N/A,#N/A,43.7,22.9,
4/3/2025 8:02,radiator,46.6,22.1,#N/A,#N/A,
4/3/2025 8:04,room,#N/A,#N/A,43.9,22.9,
4/3/2025 8:12,radiator,47,22.1,#N/A,#N/A,
4/3/2025 8:14,room,#N/A,#N/A,44,23,
4/3/2025 8:22,radiator,47,22.1,#N/A,#N/A,
4/3/2025 8:24,room,#N/A,#N/A,44.2,23,
4/3/2025 8:32,radiator,46.8,22.1,#N/A,#N/A,
4/3/2025 8:34,room,#N/A,#N/A,44.2,23,
4/3/2025 8:42,radiator,46.8,22.2,#N/A,#N/A,
4/3/2025 8:44,room,#N/A,#N/A,44.3,23,
4/3/2025 8:52,radiator,46.8,22.2,#N/A,#N/A,
4/3/2025 8:54,room,#N/A,#N/A,44.3,23,
4/3/2025 9:02,radiator,55,21.9,#N/A,#N/A,
4/3/2025 9:04,room,#N/A,#N/A,44.9,23,
4/3/2025 9:12,radiator,59.1,21.5,#N/A,#N/A,
4/3/2025 9:14,room,#N/A,#N/A,45.4,23,
4/3/2025 9:22,radiator,58.4,21.4,#N/A,#N/A,
4/3/2025 9:24,room,#N/A,#N/A,45.8,23,
4/3/2025 9:32,radiator,56,21.3,#N/A,#N/A,
4/3/2025 9:34,room,#N/A,#N/A,45.9,23,
4/3/2025 9:42,radiator,55.7,21.3,#N/A,#N/A,
4/3/2025 9:44,room,#N/A,#N/A,46.1,23,
4/3/2025 9:52,radiator,50.7,21.6,#N/A,#N/A,
4/3/2025 9:54,room,#N/A,#N/A,46,23,
4/3/2025 10:02,radiator,50.7,21.8,#N/A,#N/A,
4/3/2025 10:05,room,#N/A,#N/A,46,23,
4/3/2025 10:12,radiator,49.8,21.9,#N/A,#N/A,
4/3/2025 10:15,room,#N/A,#N/A,46,23,
4/3/2025 10:22,radiator,50.2,22,#N/A,#N/A,
4/3/2025 10:25,room,#N/A,#N/A,46.1,23,
4/3/2025 10:32,radiator,51,21.8,#N/A,#N/A,
4/3/2025 10:35,room,#N/A,#N/A,46.2,23.1,
4/3/2025 10:42,radiator,51.2,21.7,#N/A,#N/A,
4/3/2025 10:45,room,#N/A,#N/A,46.3,23,
4/3/2025 10:52,radiator,51.5,21.6,#N/A,#N/A,
4/3/2025 10:55,room,#N/A,#N/A,46.3,23.1,
4/3/2025 11:02,radiator,51.4,21.7,#N/A,#N/A,
4/3/2025 11:05,room,#N/A,#N/A,46.4,23.1,
4/3/2025 11:12,radiator,50.5,21.8,#N/A,#N/A,
4/3/2025 11:15,room,#N/A,#N/A,46.5,23.1,
4/3/2025 11:22,radiator,51.3,21.8,#N/A,#N/A,
4/3/2025 11:25,room,#N/A,#N/A,46.6,23.1,
4/3/2025 11:32,radiator,53.8,21.7,#N/A,#N/A,
4/3/2025 11:35,room,#N/A,#N/A,46.7,23.1,
4/3/2025 11:42,radiator,54,21.7,#N/A,#N/A,
4/3/2025 11:45,room,#N/A,#N/A,46.8,23.1,
4/3/2025 11:52,radiator,51.6,21.7,#N/A,#N/A,
4/3/2025 11:55,room,#N/A,#N/A,46.8,23.1,
4/3/2025 12:02,radiator,51.3,21.8,#N/A,#N/A,
4/3/2025 12:05,room,#N/A,#N/A,47,23.1,
4/3/2025 12:12,radiator,51.8,21.9,#N/A,#N/A,
4/3/2025 12:15,room,#N/A,#N/A,47,23.1,
4/3/2025 12:22,radiator,51.4,21.8,#N/A,#N/A,
4/3/2025 12:25,room,#N/A,#N/A,48.9,23.3,
4/3/2025 12:32,radiator,52.6,22,#N/A,#N/A,
4/3/2025 12:35,room,#N/A,#N/A,48.2,23.2,
4/3/2025 12:42,radiator,52.4,22.1,#N/A,#N/A,
4/3/2025 12:45,room,#N/A,#N/A,48.4,23.2,
4/3/2025 12:52,radiator,52.9,22.1,#N/A,#N/A,
4/3/2025 12:55,room,#N/A,#N/A,48.4,23.2,
4/3/2025 13:02,radiator,53,22.1,#N/A,#N/A,
4/3/2025 13:05,room,#N/A,#N/A,48.5,23.2,
4/3/2025 13:12,radiator,52.3,22.2,#N/A,#N/A,
4/3/2025 13:15,room,#N/A,#N/A,48.6,23.3,
4/3/2025 13:22,radiator,52.3,22.3,#N/A,#N/A,
4/3/2025 13:25,room,#N/A,#N/A,48.9,23.3,
4/3/2025 13:32,radiator,52.4,22.3,#N/A,#N/A,
4/3/2025 13:35,room,#N/A,#N/A,49.2,23.3,
4/3/2025 13:42,radiator,52.9,22.3,#N/A,#N/A,
4/3/2025 13:45,room,#N/A,#N/A,49.7,23.3,
4/3/2025 13:52,radiator,54,22.4,#N/A,#N/A,
4/3/2025 13:55,room,#N/A,#N/A,50.1,23.3,
4/3/2025 14:02,radiator,53.9,22.5,#N/A,#N/A,
4/3/2025 14:05,room,#N/A,#N/A,50.6,23.3,
4/3/2025 14:12,radiator,54.4,22.5,#N/A,#N/A,
4/3/2025 14:15,room,#N/A,#N/A,50.8,23.4,
4/3/2025 14:22,radiator,54.7,22.5,#N/A,#N/A,
4/3/2025 14:25,room,#N/A,#N/A,51,23.4,
4/3/2025 14:32,radiator,55.5,22.6,#N/A,#N/A,
4/3/2025 14:35,room,#N/A,#N/A,51.4,23.4,
4/3/2025 14:42,radiator,55.7,22.6,#N/A,#N/A,
4/3/2025 14:45,room,#N/A,#N/A,51.7,23.5,
4/3/2025 14:52,radiator,55.6,22.7,#N/A,#N/A,
4/3/2025 14:55,room,#N/A,#N/A,52,23.5,
4/3/2025 15:02,radiator,55.8,22.8,#N/A,#N/A,
4/3/2025 15:05,room,#N/A,#N/A,52.1,23.5,
4/3/2025 15:12,radiator,55.6,22.8,#N/A,#N/A,
4/3/2025 15:15,room,#N/A,#N/A,52.4,23.5,
4/3/2025 15:22,radiator,56.1,22.8,#N/A,#N/A,
4/3/2025 15:25,room,#N/A,#N/A,52.7,23.5,
4/3/2025 15:32,radiator,56.4,22.9,#N/A,#N/A,
4/3/2025 15:35,room,#N/A,#N/A,52.8,23.6,
4/3/2025 15:42,radiator,56.4,22.9,#N/A,#N/A,
4/3/2025 15:45,room,#N/A,#N/A,53,23.6,
4/3/2025 15:52,radiator,56,23,#N/A,#N/A,
4/3/2025 15:55,room,#N/A,#N/A,53.2,23.6,
4/3/2025 16:02,radiator,56.6,22.9,#N/A,#N/A,
4/3/2025 16:05,room,#N/A,#N/A,53.5,23.6,
4/3/2025 16:12,radiator,56.4,23,#N/A,#N/A,
4/3/2025 16:15,room,#N/A,#N/A,53.7,23.6,
4/3/2025 16:22,radiator,57.1,23,#N/A,#N/A,
4/3/2025 16:25,room,#N/A,#N/A,53.8,23.7,
4/3/2025 16:32,radiator,56.8,23.1,#N/A,#N/A,
4/3/2025 16:35,room,#N/A,#N/A,53.9,23.7,
4/3/2025 16:42,radiator,56.9,23.1,#N/A,#N/A,
4/3/2025 16:45,room,#N/A,#N/A,53.9,23.7,
4/3/2025 16:52,radiator,56.9,23.1,#N/A,#N/A,
4/3/2025 16:55,room,#N/A,#N/A,54,23.7,
4/3/2025 17:02,radiator,57.1,23.1,#N/A,#N/A,
4/3/2025 17:05,room,#N/A,#N/A,#N/A,#N/A,
4/3/2025 17:12,radiator,#N/A,#N/A,#N/A,#N/A,
4/3/2025 17:15,room,#N/A,#N/A,#N/A,#N/A,
4/3/2025 17:22,radiator,#N/A,#N/A,#N/A,#N/A,
4/3/2025 17:25,room,#N/A,#N/A,#N/A,#N/A,
4/3/2025 17:32,radiator,#N/A,#N/A,#N/A,#N/A,
4/3/2025 17:35,room,#N/A,#N/A,#N/A,#N/A,
4/3/2025 17:42,radiator,#N/A,#N/A,#N/A,#N/A,
4/3/2025 17:45,room,#N/A,#N/A,#N/A,#N/A,
4/3/2025 17:52,radiator,#N/A,#N/A,#N/A,#N/A,
4/3/2025 17:55,room,#N/A,#N/A,#N/A,#N/A,
4/3/2025 18:02,radiator,#N/A,#N/A,#N/A,#N/A,
4/3/2025 18:05,room,#N/A,#N/A,#N/A,#N/A,
4/3/2025 18:12,radiator,#N/A,#N/A,#N/A,#N/A,
4/3/2025 18:15,room,#N/A,#N/A,#N/A,#N/A,
4/3/2025 18:22,radiator,#N/A,#N/A,#N/A,#N/A,
4/3/2025 18:25,room,#N/A,#N/A,#N/A,#N/A,
4/3/2025 18:32,radiator,#N/A,#N/A,#N/A,#N/A,
4/3/2025 18:35,room,#N/A,#N/A,#N/A,#N/A,
4/3/2025 18:42,radiator,#N/A,#N/A,#N/A,#N/A,
4/3/2025 18:45,room,#N/A,#N/A,#N/A,#N/A,
4/3/2025 18:52,radiator,#N/A,#N/A,#N/A,#N/A,
4/3/2025 18:55,room,#N/A,#N/A,#N/A,#N/A,
4/3/2025 19:02,radiator,#N/A,#N/A,#N/A,#N/A,
4/3/2025 19:05,room,#N/A,#N/A,#N/A,#N/A,
4/3/2025 19:12,radiator,#N/A,#N/A,#N/A,#N/A,
4/3/2025 19:15,room,#N/A,#N/A,#N/A,#N/A,
4/3/2025 19:22,radiator,#N/A,#N/A,#N/A,#N/A,
4/3/2025 19:25,room,#N/A,#N/A,#N/A,#N/A,
4/3/2025 19:32,radiator,#N/A,#N/A,#N/A,#N/A,
4/3/2025 19:35,room,#N/A,#N/A,#N/A,#N/A,
4/3/2025 19:42,radiator,#N/A,#N/A,#N/A,#N/A,
4/3/2025 19:45,room,#N/A,#N/A,#N/A,#N/A,
4/3/2025 19:52,radiator,#N/A,#N/A,#N/A,#N/A,
4/3/2025 19:55,room,#N/A,#N/A,#N/A,#N/A,
4/3/2025 20:02,radiator,#N/A,#N/A,#N/A,#N/A,
4/3/2025 20:05,room,#N/A,#N/A,#N/A,#N/A,
4/3/2025 20:12,radiator,#N/A,#N/A,#N/A,#N/A,
4/3/2025 20:15,room,#N/A,#N/A,#N/A,#N/A,
4/3/2025 20:22,radiator,#N/A,#N/A,#N/A,#N/A,
4/2/2025 13:58,radiator,#N/A,#N/A,#N/A,#N/A,
1/1/2021 0:00,radiator,#N/A,#N/A,#N/A,#N/A,
1/1/2021 0:00,radiator,#N/A,#N/A,#N/A,#N/A,
4/2/2025 14:10,outdoor,#N/A,#N/A,#N/A,#N/A,
1/1/2021 0:00,radiator,#N/A,#N/A,#N/A,#N/A,
1/1/2021 0:00,outdoor,#N/A,#N/A,#N/A,#N/A,
7/3/2029 10:46,room,#N/A,#N/A,#N/A,#N/A,
4/2/2025 19:24,room,#N/A,#N/A,#N/A,#N/A,
1/1/2021 0:00,radiator,#N/A,#N/A,#N/A,#N/A,
4/2/2025 19:24,room,#N/A,#N/A,#N/A,#N/A,
1/1/2021 0:00,radiator,#N/A,#N/A,#N/A,#N/A,
4/2/2025 19:34,room,#N/A,#N/A,#N/A,#N/A,
1/1/2021 0:00,radiator,#N/A,#N/A,#N/A,#N/A,
1/1/2021 0:00,radiator,#N/A,#N/A,#N/A,#N/A,
4/2/2025 15:43,radiator,#N/A,#N/A,#N/A,#N/A,
1/1/2021 0:00,radiator,#N/A,#N/A,#N/A,#N/A,
1/1/2021 0:00,radiator,#N/A,#N/A,#N/A,#N/A,
1/1/2021 0:00,radiator,#N/A,#N/A,#N/A,#N/A,
4/2/2025 19:44,room,#N/A,#N/A,#N/A,#N/A,
4/2/2025 19:54,radiator,#N/A,#N/A,#N/A,#N/A,
4/2/2025 19:55,radiator,#N/A,#N/A,#N/A,#N/A,
4/2/2025 19:56,radiator,#N/A,#N/A,#N/A,#N/A,
4/2/2025 19:56,radiator,#N/A,#N/A,#N/A,#N/A,
4/2/2025 19:57,radiator,#N/A,#N/A,#N/A,#N/A,
4/2/2025 19:54,room,#N/A,#N/A,#N/A,#N/A,
4/2/2025 20:02,radiator,41.3,25.5,#N/A,#N/A,
4/3/2025 20:25,room,#N/A,#N/A,#N/A,#N/A,
4/3/2025 20:32,radiator,#N/A,#N/A,#N/A,#N/A,
4/3/2025 20:35,room,#N/A,#N/A,#N/A,#N/A,
4/3/2025 20:42,radiator,#N/A,#N/A,#N/A,#N/A,
4/3/2025 20:45,room,#N/A,#N/A,#N/A,#N/A,
4/3/2025 20:53,radiator,#N/A,#N/A,#N/A,#N/A,
4/3/2025 20:55,room,#N/A,#N/A,#N/A,#N/A,
4/3/2025 21:03,radiator,#N/A,#N/A,#N/A,#N/A,
4/3/2025 21:05,room,#N/A,#N/A,#N/A,#N/A,
4/3/2025 21:13,radiator,#N/A,#N/A,#N/A,#N/A,
4/3/2025 21:15,room,#N/A,#N/A,#N/A,#N/A,
4/3/2025 21:23,radiator,#N/A,#N/A,#N/A,#N/A,
4/3/2025 21:25,room,#N/A,#N/A,#N/A,#N/A,
4/3/2025 21:33,radiator,#N/A,#N/A,#N/A,#N/A,
4/3/2025 21:35,room,#N/A,#N/A,#N/A,#N/A,
4/3/2025 21:43,radiator,#N/A,#N/A,#N/A,#N/A,
4/3/2025 21:45,room,#N/A,#N/A,#N/A,#N/A,
4/3/2025 21:53,radiator,#N/A,#N/A,#N/A,#N/A,
4/3/2025 21:55,room,#N/A,#N/A,#N/A,#N/A,
4/3/2025 22:03,radiator,#N/A,#N/A,#N/A,#N/A,
4/3/2025 22:05,room,#N/A,#N/A,#N/A,#N/A,
4/3/2025 22:13,radiator,#N/A,#N/A,#N/A,#N/A,
4/3/2025 22:15,room,#N/A,#N/A,#N/A,#N/A,
4/3/2025 22:23,radiator,#N/A,#N/A,#N/A,#N/A,
4/3/2025 22:25,room,#N/A,#N/A,#N/A,#N/A,
4/3/2025 22:33,radiator,#N/A,#N/A,#N/A,#N/A,
4/3/2025 22:35,room,#N/A,#N/A,#N/A,#N/A,
4/3/2025 22:43,radiator,#N/A,#N/A,#N/A,#N/A,
4/3/2025 22:45,room,#N/A,#N/A,#N/A,#N/A,
4/3/2025 22:53,radiator,#N/A,#N/A,#N/A,#N/A,
4/3/2025 22:55,room,#N/A,#N/A,#N/A,#N/A,
4/3/2025 23:03,radiator,#N/A,#N/A,#N/A,#N/A,
4/3/2025 23:05,room,#N/A,#N/A,#N/A,#N/A,
4/3/2025 23:13,radiator,#N/A,#N/A,#N/A,#N/A,
4/3/2025 23:15,room,#N/A,#N/A,#N/A,#N/A,
4/3/2025 23:23,radiator,#N/A,#N/A,#N/A,#N/A,
4/3/2025 23:25,room,#N/A,#N/A,#N/A,#N/A,
4/3/2025 23:33,radiator,#N/A,#N/A,#N/A,#N/A,
4/3/2025 23:35,room,#N/A,#N/A,#N/A,#N/A,
4/3/2025 23:43,radiator,#N/A,#N/A,#N/A,#N/A,
4/3/2025 23:45,room,#N/A,#N/A,#N/A,#N/A,
4/3/2025 23:53,radiator,#N/A,#N/A,#N/A,#N/A,
4/3/2025 23:55,room,#N/A,#N/A,#N/A,#N/A,
4/4/2025 0:03,radiator,#N/A,#N/A,#N/A,#N/A,
4/4/2025 0:05,room,#N/A,#N/A,#N/A,#N/A,
4/4/2025 0:13,radiator,#N/A,#N/A,#N/A,#N/A,
4/4/2025 0:15,room,#N/A,#N/A,#N/A,#N/A,
4/4/2025 0:23,radiator,#N/A,#N/A,#N/A,#N/A,
4/4/2025 0:25,room,#N/A,#N/A,#N/A,#N/A,
4/4/2025 0:33,radiator,#N/A,#N/A,#N/A,#N/A,
4/4/2025 0:35,room,#N/A,#N/A,#N/A,#N/A,
4/4/2025 0:43,radiator,#N/A,#N/A,#N/A,#N/A,
4/4/2025 0:45,room,#N/A,#N/A,#N/A,#N/A,
4/4/2025 0:53,radiator,#N/A,#N/A,#N/A,#N/A,
4/4/2025 0:55,room,#N/A,#N/A,#N/A,#N/A,
4/4/2025 1:03,radiator,#N/A,#N/A,#N/A,#N/A,
4/4/2025 1:06,room,#N/A,#N/A,#N/A,#N/A,
4/4/2025 1:13,radiator,#N/A,#N/A,#N/A,#N/A,
4/4/2025 1:16,room,#N/A,#N/A,#N/A,#N/A,
4/4/2025 1:23,radiator,#N/A,#N/A,#N/A,#N/A,
4/4/2025 1:26,room,#N/A,#N/A,#N/A,#N/A,
4/4/2025 1:33,radiator,#N/A,#N/A,#N/A,#N/A,
4/4/2025 1:36,room,#N/A,#N/A,#N/A,#N/A,
4/4/2025 1:43,radiator,#N/A,#N/A,#N/A,#N/A,
4/4/2025 1:46,room,#N/A,#N/A,#N/A,#N/A,
4/4/2025 1:53,radiator,#N/A,#N/A,#N/A,#N/A,
4/4/2025 1:56,room,#N/A,#N/A,#N/A,#N/A,
4/4/2025 2:03,radiator,#N/A,#N/A,#N/A,#N/A,
4/4/2025 2:06,room,#N/A,#N/A,#N/A,#N/A,
4/4/2025 2:13,radiator,#N/A,#N/A,#N/A,#N/A,
4/4/2025 2:16,room,#N/A,#N/A,#N/A,#N/A,
4/4/2025 2:23,radiator,#N/A,#N/A,#N/A,#N/A,
4/4/2025 2:26,room,#N/A,#N/A,#N/A,#N/A,
4/4/2025 2:33,radiator,#N/A,#N/A,#N/A,#N/A,
4/4/2025 2:36,room,#N/A,#N/A,#N/A,#N/A,
4/4/2025 2:43,radiator,#N/A,#N/A,#N/A,#N/A,
4/4/2025 2:46,room,#N/A,#N/A,#N/A,#N/A,
4/4/2025 2:53,radiator,#N/A,#N/A,#N/A,#N/A,
4/4/2025 2:56,room,#N/A,#N/A,#N/A,#N/A,
4/4/2025 3:03,radiator,#N/A,#N/A,#N/A,#N/A,
4/4/2025 3:06,room,#N/A,#N/A,#N/A,#N/A,
4/4/2025 3:13,radiator,#N/A,#N/A,#N/A,#N/A,
4/4/2025 3:16,room,#N/A,#N/A,#N/A,#N/A,
4/4/2025 3:23,radiator,#N/A,#N/A,#N/A,#N/A,
4/4/2025 3:26,room,#N/A,#N/A,#N/A,#N/A,
4/4/2025 3:33,radiator,#N/A,#N/A,#N/A,#N/A,
4/4/2025 3:36,room,#N/A,#N/A,#N/A,#N/A,
4/4/2025 3:43,radiator,#N/A,#N/A,#N/A,#N/A,
4/4/2025 3:46,room,#N/A,#N/A,#N/A,#N/A,
4/4/2025 3:53,radiator,#N/A,#N/A,#N/A,#N/A,
4/4/2025 3:56,room,#N/A,#N/A,#N/A,#N/A,
4/4/2025 4:03,radiator,#N/A,#N/A,#N/A,#N/A,
4/4/2025 4:06,room,#N/A,#N/A,#N/A,#N/A,
4/4/2025 4:13,radiator,#N/A,#N/A,#N/A,#N/A,
4/4/2025 4:16,room,#N/A,#N/A,#N/A,#N/A,
4/4/2025 4:23,radiator,#N/A,#N/A,#N/A,#N/A,
4/4/2025 4:26,room,#N/A,#N/A,#N/A,#N/A,
4/4/2025 4:33,radiator,#N/A,#N/A,#N/A,#N/A,
4/4/2025 4:36,room,#N/A,#N/A,#N/A,#N/A,
4/4/2025 4:43,radiator,#N/A,#N/A,#N/A,#N/A,
4/4/2025 4:46,room,#N/A,#N/A,#N/A,#N/A,
4/4/2025 4:53,radiator,#N/A,#N/A,#N/A,#N/A,
4/4/2025 4:56,room,#N/A,#N/A,#N/A,#N/A,
4/4/2025 5:03,radiator,#N/A,#N/A,#N/A,#N/A,
4/4/2025 5:06,room,#N/A,#N/A,#N/A,#N/A,
4/4/2025 5:13,radiator,#N/A,#N/A,#N/A,#N/A,
4/4/2025 5:16,room,#N/A,#N/A,#N/A,#N/A,
4/4/2025 5:23,radiator,#N/A,#N/A,#N/A,#N/A,
4/4/2025 5:26,room,#N/A,#N/A,#N/A,#N/A,
4/4/2025 5:33,radiator,#N/A,#N/A,#N/A,#N/A,
4/4/2025 5:36,room,#N/A,#N/A,#N/A,#N/A,
4/4/2025 5:43,radiator,#N/A,#N/A,#N/A,#N/A,
4/4/2025 5:46,room,#N/A,#N/A,#N/A,#N/A,
4/4/2025 5:53,radiator,#N/A,#N/A,#N/A,#N/A,
4/4/2025 5:56,room,#N/A,#N/A,#N/A,#N/A,
4/4/2025 6:03,radiator,#N/A,#N/A,#N/A,#N/A,
4/4/2025 6:06,room,#N/A,#N/A,#N/A,#N/A,
4/4/2025 6:13,radiator,#N/A,#N/A,#N/A,#N/A,
4/4/2025 6:16,room,#N/A,#N/A,#N/A,#N/A,
4/4/2025 6:23,radiator,#N/A,#N/A,#N/A,#N/A,
4/4/2025 6:26,room,#N/A,#N/A,#N/A,#N/A,
4/4/2025 6:33,radiator,#N/A,#N/A,#N/A,#N/A,
4/4/2025 6:36,room,#N/A,#N/A,#N/A,#N/A,
4/4/2025 6:43,radiator,#N/A,#N/A,#N/A,#N/A,
4/4/2025 6:46,room,#N/A,#N/A,#N/A,#N/A,
4/4/2025 6:53,radiator,#N/A,#N/A,#N/A,#N/A,
4/4/2025 6:56,room,#N/A,#N/A,#N/A,#N/A,
4/4/2025 7:03,radiator,#N/A,#N/A,#N/A,#N/A,
4/4/2025 7:06,room,#N/A,#N/A,#N/A,#N/A,
4/4/2025 7:13,radiator,#N/A,#N/A,#N/A,#N/A,
4/4/2025 7:16,room,#N/A,#N/A,#N/A,#N/A,
4/4/2025 7:23,radiator,#N/A,#N/A,#N/A,#N/A,
4/4/2025 7:26,room,#N/A,#N/A,#N/A,#N/A,
4/4/2025 7:33,radiator,#N/A,#N/A,#N/A,#N/A,
4/4/2025 7:36,room,#N/A,#N/A,#N/A,#N/A,
4/4/2025 7:43,radiator,#N/A,#N/A,#N/A,#N/A,
4/4/2025 7:46,room,#N/A,#N/A,#N/A,#N/A,
4/4/2025 7:53,radiator,#N/A,#N/A,#N/A,#N/A,
4/4/2025 7:56,room,#N/A,#N/A,#N/A,#N/A,
4/4/2025 8:03,radiator,#N/A,#N/A,#N/A,#N/A,
4/4/2025 8:06,room,#N/A,#N/A,#N/A,#N/A,
4/4/2025 8:13,radiator,#N/A,#N/A,#N/A,#N/A,
4/4/2025 8:16,room,#N/A,#N/A,#N/A,#N/A,
4/4/2025 8:23,radiator,#N/A,#N/A,#N/A,#N/A,
4/4/2025 8:26,room,#N/A,#N/A,#N/A,#N/A,
4/4/2025 8:33,radiator,#N/A,#N/A,#N/A,#N/A,
4/4/2025 8:36,room,#N/A,#N/A,#N/A,#N/A,
4/4/2025 8:43,radiator,#N/A,#N/A,#N/A,#N/A,
4/4/2025 8:46,room,#N/A,#N/A,#N/A,#N/A,
4/4/2025 8:53,radiator,#N/A,#N/A,#N/A,#N/A,
4/4/2025 8:56,room,#N/A,#N/A,#N/A,#N/A,
4/4/2025 9:03,radiator,#N/A,#N/A,#N/A,#N/A,
4/4/2025 9:06,room,#N/A,#N/A,#N/A,#N/A,
4/4/2025 9:13,radiator,#N/A,#N/A,#N/A,#N/A,
4/4/2025 9:16,room,#N/A,#N/A,#N/A,#N/A,
4/4/2025 9:23,radiator,#N/A,#N/A,#N/A,#N/A,
4/4/2025 9:26,room,#N/A,#N/A,#N/A,#N/A,
4/4/2025 9:33,radiator,#N/A,#N/A,#N/A,#N/A,
4/4/2025 9:36,room,#N/A,#N/A,#N/A,#N/A,
4/4/2025 9:43,radiator,#N/A,#N/A,#N/A,#N/A,
4/4/2025 9:46,room,#N/A,#N/A,#N/A,#N/A,
4/4/2025 9:53,radiator,#N/A,#N/A,#N/A,#N/A,
4/4/2025 9:56,room,#N/A,#N/A,#N/A,#N/A,
4/4/2025 10:03,radiator,#N/A,#N/A,#N/A,#N/A,
4/4/2025 10:06,room,#N/A,#N/A,#N/A,#N/A,
4/4/2025 10:13,radiator,#N/A,#N/A,#N/A,#N/A,
4/4/2025 10:16,room,#N/A,#N/A,#N/A,#N/A,
4/4/2025 10:23,radiator,#N/A,#N/A,#N/A,#N/A,
4/4/2025 10:26,room,#N/A,#N/A,#N/A,#N/A,
4/4/2025 10:33,radiator,#N/A,#N/A,#N/A,#N/A,
4/4/2025 10:36,room,#N/A,#N/A,#N/A,#N/A,
4/4/2025 10:43,radiator,#N/A,#N/A,#N/A,#N/A,
4/4/2025 10:46,room,#N/A,#N/A,#N/A,#N/A,
4/4/2025 10:53,radiator,#N/A,#N/A,#N/A,#N/A,
4/4/2025 10:56,room,#N/A,#N/A,#N/A,#N/A,
4/4/2025 11:03,radiator,#N/A,#N/A,#N/A,#N/A,
4/4/2025 11:06,room,#N/A,#N/A,#N/A,#N/A,
4/4/2025 11:13,radiator,#N/A,#N/A,#N/A,#N/A,
4/4/2025 11:16,room,#N/A,#N/A,#N/A,#N/A,
4/4/2025 11:23,radiator,#N/A,#N/A,#N/A,#N/A,
4/4/2025 11:26,room,#N/A,#N/A,#N/A,#N/A,
4/4/2025 11:33,radiator,#N/A,#N/A,#N/A,#N/A,
4/4/2025 11:36,room,#N/A,#N/A,#N/A,#N/A,
4/4/2025 11:43,radiator,#N/A,#N/A,#N/A,#N/A,
4/4/2025 11:46,room,#N/A,#N/A,#N/A,#N/A,
4/4/2025 11:53,radiator,#N/A,#N/A,#N/A,#N/A,
4/4/2025 11:56,room,#N/A,#N/A,#N/A,#N/A,
4/4/2025 12:03,radiator,#N/A,#N/A,#N/A,#N/A,
4/4/2025 12:06,room,#N/A,#N/A,#N/A,#N/A,
4/4/2025 12:13,radiator,#N/A,#N/A,#N/A,#N/A,
4/4/2025 12:16,room,#N/A,#N/A,#N/A,#N/A,
4/4/2025 12:23,radiator,#N/A,#N/A,#N/A,#N/A,
4/4/2025 12:26,room,#N/A,#N/A,#N/A,#N/A,
4/4/2025 12:33,radiator,#N/A,#N/A,#N/A,#N/A,
4/4/2025 12:36,room,#N/A,#N/A,#N/A,#N/A,
4/4/2025 12:43,radiator,#N/A,#N/A,#N/A,#N/A,
4/4/2025 12:46,room,#N/A,#N/A,#N/A,#N/A,
4/4/2025 12:53,radiator,#N/A,#N/A,#N/A,#N/A,
4/4/2025 12:56,room,#N/A,#N/A,#N/A,#N/A,
4/4/2025 13:03,radiator,#N/A,#N/A,#N/A,#N/A,
4/4/2025 13:06,room,#N/A,#N/A,#N/A,#N/A,
4/4/2025 13:13,radiator,#N/A,#N/A,#N/A,#N/A,
4/4/2025 13:16,room,#N/A,#N/A,#N/A,#N/A,
4/4/2025 13:23,radiator,#N/A,#N/A,#N/A,#N/A,
4/4/2025 13:26,room,#N/A,#N/A,#N/A,#N/A,
4/4/2025 13:33,radiator,#N/A,#N/A,#N/A,#N/A,
4/4/2025 13:36,room,#N/A,#N/A,#N/A,#N/A,
4/4/2025 13:44,radiator,#N/A,#N/A,#N/A,#N/A,
4/4/2025 13:46,room,#N/A,#N/A,#N/A,#N/A,
4/4/2025 13:54,radiator,#N/A,#N/A,#N/A,#N/A,
4/4/2025 13:56,room,#N/A,#N/A,#N/A,#N/A,
4/4/2025 14:04,radiator,#N/A,#N/A,#N/A,#N/A,
4/4/2025 14:06,room,#N/A,#N/A,#N/A,#N/A,
4/4/2025 14:14,radiator,#N/A,#N/A,#N/A,#N/A,
4/4/2025 14:16,room,#N/A,#N/A,#N/A,#N/A,
4/4/2025 14:24,radiator,#N/A,#N/A,#N/A,#N/A,
4/4/2025 14:26,room,#N/A,#N/A,#N/A,#N/A,
4/4/2025 14:34,radiator,#N/A,#N/A,#N/A,#N/A,
4/4/2025 14:36,room,#N/A,#N/A,#N/A,#N/A,
4/4/2025 14:44,radiator,#N/A,#N/A,#N/A,#N/A,
4/4/2025 14:46,room,#N/A,#N/A,#N/A,#N/A,
4/4/2025 14:54,radiator,#N/A,#N/A,#N/A,#N/A,
4/4/2025 14:56,room,#N/A,#N/A,#N/A,#N/A,
4/4/2025 15:04,radiator,#N/A,#N/A,#N/A,#N/A,
4/4/2025 15:14,radiator,#N/A,#N/A,#N/A,#N/A,
4/4/2025 15:24,radiator,#N/A,#N/A,#N/A,#N/A,
4/4/2025 15:34,radiator,#N/A,#N/A,#N/A,#N/A,
4/4/2025 15:44,radiator,#N/A,#N/A,#N/A,#N/A,
4/4/2025 15:54,radiator,#N/A,#N/A,#N/A,#N/A,
4/4/2025 16:04,radiator,#N/A,#N/A,#N/A,#N/A,
4/4/2025 16:14,radiator,#N/A,#N/A,#N/A,#N/A,
4/4/2025 16:24,radiator,#N/A,#N/A,#N/A,#N/A,
4/4/2025 16:34,radiator,#N/A,#N/A,#N/A,#N/A,
4/4/2025 16:44,radiator,#N/A,#N/A,#N/A,#N/A,
4/4/2025 16:54,radiator,#N/A,#N/A,#N/A,#N/A,
4/4/2025 17:04,radiator,#N/A,#N/A,#N/A,#N/A,
4/4/2025 17:14,radiator,#N/A,#N/A,#N/A,#N/A,
4/4/2025 17:24,radiator,#N/A,#N/A,#N/A,#N/A,
4/4/2025 17:34,radiator,#N/A,#N/A,#N/A,#N/A,
4/4/2025 17:44,radiator,#N/A,#N/A,#N/A,#N/A,
4/4/2025 17:54,radiator,#N/A,#N/A,#N/A,#N/A,
4/4/2025 18:04,radiator,#N/A,#N/A,#N/A,#N/A,
4/4/2025 18:14,radiator,#N/A,#N/A,#N/A,#N/A,
4/4/2025 18:24,radiator,#N/A,#N/A,#N/A,#N/A,
4/4/2025 18:34,radiator,#N/A,#N/A,#N/A,#N/A,
4/4/2025 18:44,radiator,#N/A,#N/A,#N/A,#N/A,
4/4/2025 18:54,radiator,#N/A,#N/A,#N/A,#N/A,
4/4/2025 19:04,radiator,#N/A,#N/A,#N/A,#N/A,
4/4/2025 19:14,radiator,#N/A,#N/A,#N/A,#N/A,
4/4/2025 19:24,radiator,#N/A,#N/A,#N/A,#N/A,
4/4/2025 19:34,radiator,#N/A,#N/A,#N/A,#N/A,
4/4/2025 19:44,radiator,#N/A,#N/A,#N/A,#N/A,
4/4/2025 19:54,radiator,#N/A,#N/A,#N/A,#N/A,
4/4/2025 20:04,radiator,#N/A,#N/A,#N/A,#N/A,
4/4/2025 20:14,radiator,#N/A,#N/A,#N/A,#N/A,
4/4/2025 20:24,radiator,#N/A,#N/A,#N/A,#N/A,
4/4/2025 20:34,radiator,#N/A,#N/A,#N/A,#N/A,
4/4/2025 20:44,radiator,#N/A,#N/A,#N/A,#N/A,
4/4/2025 20:54,radiator,#N/A,#N/A,#N/A,#N/A,
4/4/2025 21:04,radiator,#N/A,#N/A,#N/A,#N/A,
4/4/2025 21:14,radiator,#N/A,#N/A,#N/A,#N/A,
4/4/2025 21:24,radiator,#N/A,#N/A,#N/A,#N/A,
4/4/2025 21:34,radiator,#N/A,#N/A,#N/A,#N/A,
4/4/2025 21:44,radiator,#N/A,#N/A,#N/A,#N/A,
4/4/2025 21:54,radiator,#N/A,#N/A,#N/A,#N/A,
4/4/2025 22:04,radiator,#N/A,#N/A,#N/A,#N/A,
4/4/2025 22:14,radiator,#N/A,#N/A,#N/A,#N/A,
4/4/2025 22:24,radiator,#N/A,#N/A,#N/A,#N/A,
4/4/2025 22:34,radiator,#N/A,#N/A,#N/A,#N/A,
4/4/2025 22:44,radiator,#N/A,#N/A,#N/A,#N/A,
4/4/2025 22:54,radiator,#N/A,#N/A,#N/A,#N/A,
4/4/2025 23:04,radiator,#N/A,#N/A,#N/A,#N/A,
4/4/2025 23:14,radiator,#N/A,#N/A,#N/A,#N/A,
4/4/2025 23:24,radiator,#N/A,#N/A,#N/A,#N/A,
4/4/2025 23:34,radiator,#N/A,#N/A,#N/A,#N/A,
4/4/2025 23:44,radiator,#N/A,#N/A,#N/A,#N/A,
4/4/2025 23:54,radiator,#N/A,#N/A,#N/A,#N/A,
4/5/2025 0:04,radiator,#N/A,#N/A,#N/A,#N/A,
4/5/2025 0:14,radiator,#N/A,#N/A,#N/A,#N/A,
4/5/2025 0:24,radiator,#N/A,#N/A,#N/A,#N/A,
4/5/2025 0:34,radiator,#N/A,#N/A,#N/A,#N/A,
4/5/2025 0:44,radiator,#N/A,#N/A,#N/A,#N/A,
4/5/2025 0:54,radiator,#N/A,#N/A,#N/A,#N/A,
4/5/2025 1:04,radiator,#N/A,#N/A,#N/A,#N/A,
4/5/2025 1:14,radiator,#N/A,#N/A,#N/A,#N/A,
4/5/2025 1:24,radiator,#N/A,#N/A,#N/A,#N/A,
4/5/2025 1:34,radiator,#N/A,#N/A,#N/A,#N/A,
4/5/2025 1:44,radiator,#N/A,#N/A,#N/A,#N/A,
4/5/2025 1:54,radiator,#N/A,#N/A,#N/A,#N/A,
4/5/2025 2:04,radiator,#N/A,#N/A,#N/A,#N/A,
4/5/2025 2:14,radiator,#N/A,#N/A,#N/A,#N/A,
4/5/2025 2:24,radiator,#N/A,#N/A,#N/A,#N/A,
4/5/2025 2:34,radiator,#N/A,#N/A,#N/A,#N/A,
4/5/2025 2:44,radiator,#N/A,#N/A,#N/A,#N/A,
4/5/2025 2:54,radiator,#N/A,#N/A,#N/A,#N/A,
4/5/2025 3:04,radiator,#N/A,#N/A,#N/A,#N/A,
4/5/2025 3:14,radiator,#N/A,#N/A,#N/A,#N/A,
4/5/2025 3:24,radiator,#N/A,#N/A,#N/A,#N/A,
4/5/2025 3:34,radiator,#N/A,#N/A,#N/A,#N/A,
4/5/2025 3:44,radiator,#N/A,#N/A,#N/A,#N/A,
4/5/2025 3:54,radiator,#N/A,#N/A,#N/A,#N/A,
4/5/2025 4:04,radiator,#N/A,#N/A,#N/A,#N/A,
4/5/2025 4:14,radiator,#N/A,#N/A,#N/A,#N/A,
4/5/2025 4:24,radiator,#N/A,#N/A,#N/A,#N/A,
4/5/2025 4:34,radiator,#N/A,#N/A,#N/A,#N/A,
4/5/2025 4:44,radiator,#N/A,#N/A,#N/A,#N/A,
4/5/2025 4:54,radiator,#N/A,#N/A,#N/A,#N/A,
4/5/2025 5:04,radiator,#N/A,#N/A,#N/A,#N/A,
4/5/2025 5:14,radiator,#N/A,#N/A,#N/A,#N/A,
4/5/2025 5:25,radiator,#N/A,#N/A,#N/A,#N/A,
4/5/2025 5:35,radiator,#N/A,#N/A,#N/A,#N/A,
4/5/2025 5:45,radiator,#N/A,#N/A,#N/A,#N/A,
4/5/2025 5:55,radiator,#N/A,#N/A,#N/A,#N/A,
4/5/2025 6:05,radiator,#N/A,#N/A,#N/A,#N/A,
4/5/2025 6:15,radiator,#N/A,#N/A,#N/A,#N/A,
4/5/2025 6:25,radiator,#N/A,#N/A,#N/A,#N/A,
4/5/2025 6:35,radiator,#N/A,#N/A,#N/A,#N/A,
4/5/2025 6:45,radiator,#N/A,#N/A,#N/A,#N/A,
4/5/2025 6:55,radiator,#N/A,#N/A,#N/A,#N/A,
